{"cameraMode":{"drawMode":0,"name":"Shaded","section":"Shading Mode"},"sceneLighting":true,"audioPlay":false,"sceneViewState":{"showFog":true,"showMaterialUpdate":false,"showSkybox":true,"showFlares":true,"showImageEffects":true,"showParticleSystems":true,"showVisualEffectGraphs":true,"m_FxEnabled":true},"in2DMode":false,"pivot":{"x":269.49224853515627,"y":84.36859130859375,"z":1.5999202728271485},"rotation":{"x":0.02100554294884205,"y":0.9668498635292053,"z":-0.2399987131357193,"w":0.08462182432413101},"size":153.07620239257813,"orthographic":false}